TEXT,OUTPUT
"Go until jurong point, crazy.. Available only in bugis n great world la e buffet... Cine there got amore wat...",not spam
Ok lar... Joking wif u oni...,not spam
Free entry in 2 a wkly comp to win FA Cup final tkts 21st May 2005. Text FA to 87121 to receive entry question(std txt rate)T&C's apply 08452810075over18's,spam
U dun say so early hor... U c already then say...,not spam
"Nah I don't think he goes to usf, he lives around here though",not spam
"FreeMsg Hey there darling it's been 3 week's now and no word back! I'd like some fun you up for it still? Tb ok! XxX std chgs to send, �1.50 to rcv",spam
Even my brother is not like to speak with me. They treat me like aids patent.,not spam
As per your request 'Melle Melle (Oru Minnaminunginte Nurungu Vettam)' has been set as your callertune for all Callers. Press *9 to copy your friends Callertune,not spam
WINNER!! As a valued network customer you have been selected to receivea �900 prize reward! To claim call 09061701461. Claim code KL341. Valid 12 hours only.,spam
Had your mobile 11 months or more? U R entitled to Update to the latest colour mobiles with camera for Free! Call The Mobile Update Co FREE on 08002986030,spam
"I'm gonna be home soon and i don't want to talk about this stuff anymore tonight, k? I've cried enough today.",not spam
"SIX chances to win CASH! From 100 to 20,000 pounds txt> CSH11 and send to 87575. Cost 150p/day, 6days, 16+ TsandCs apply Reply HL 4 info",spam
"URGENT! You have won a 1 week FREE membership in our �100,000 Prize Jackpot! Txt the word: CLAIM to No: 81010 T&C www.dbuk.net LCCLTD POBOX 4403LDNW1A7RW18",spam
I've been searching for the right words to thank you for this breather. I promise i wont take your help for granted and will fulfil my promise. You have been wonderful and a blessing at all times.,not spam
I HAVE A DATE ON SUNDAY WITH WILL!!,not spam
"XXXMobileMovieClub: To use your credit, click the WAP link in the next txt message or click here>> http://wap. xxxmobilemovieclub.com?n=QJKGIGHJJGCBL",spam
Oh k...i'm watching here:),not spam
Eh u remember how 2 spell his name... Yes i did. He v naughty make until i v wet.,not spam
Fine if that��s the way u feel. That��s the way its gota b,not spam
"England v Macedonia - dont miss the goals/team news. Txt ur national team to 87077 eg ENGLAND to 87077 Try:WALES, SCOTLAND 4txt/̼1.20 POBOXox36504W45WQ 16+",spam
Is that seriously how you spell his name?,not spam
I���m going to try for 2 months ha ha only joking,not spam
So �_ pay first lar... Then when is da stock comin...,not spam
Aft i finish my lunch then i go str down lor. Ard 3 smth lor. U finish ur lunch already?,not spam
Ffffffffff. Alright no way I can meet up with you sooner?,not spam
Just forced myself to eat a slice. I'm really not hungry tho. This sucks. Mark is getting worried. He knows I'm sick when I turn down pizza. Lol,not spam
Lol your always so convincing.,not spam
Did you catch the bus ? Are you frying an egg ? Did you make a tea? Are you eating your mom's left over dinner ? Do you feel my Love ?,not spam
"I'm back &amp; we're packing the car now, I'll let you know if there's room",not spam
Ahhh. Work. I vaguely remember that! What does it feel like? Lol,not spam
"Wait that's still not all that clear, were you not sure about me being sarcastic or that that's why x doesn't want to live with us",not spam
Yeah he got in at 2 and was v apologetic. n had fallen out and she was actin like spoilt child and he got caught up in that. Till 2! But we won't go there! Not doing too badly cheers. You? ,not spam
K tell me anything about you.,not spam
For fear of fainting with the of all that housework you just did? Quick have a cuppa,not spam
Thanks for your subscription to Ringtone UK your mobile will be charged �5/month Please confirm by replying YES or NO. If you reply NO you will not be charged,spam
Yup... Ok i go home look at the timings then i msg �_ again... Xuhui going to learn on 2nd may too but her lesson is at 8am,not spam
"Oops, I'll let you know when my roommate's done",not spam
I see the letter B on my car,not spam
Anything lor... U decide...,not spam
Hello! How's you and how did saturday go? I was just texting to see if you'd decided to do anything tomo. Not that i'm trying to invite myself or anything!,not spam
Pls go ahead with watts. I just wanted to be sure. Do have a great weekend. Abiola,not spam
"Did I forget to tell you ? I want you , I need you, I crave you ... But most of all ... I love you my sweet Arabian steed ... Mmmmmm ... Yummy",not spam
07732584351 - Rodger Burns - MSG = We tried to call you re your reply to our sms for a free nokia mobile + free camcorder. Please call now 08000930705 for delivery tomorrow,spam
WHO ARE YOU SEEING?,not spam
Great! I hope you like your man well endowed. I am  &lt;#&gt;  inches...,not spam
No calls..messages..missed calls,not spam
Didn't you get hep b immunisation in nigeria.,not spam
"Fair enough, anything going on?",not spam
"Yeah hopefully, if tyler can't do it I could maybe ask around a bit",not spam
U don't know how stubborn I am. I didn't even want to go to the hospital. I kept telling Mark I'm not a weak sucker. Hospitals are for weak suckers.,not spam
What you thinked about me. First time you saw me in class.,not spam
"A gram usually runs like  &lt;#&gt; , a half eighth is smarter though and gets you almost a whole second gram for  &lt;#&gt;",not spam
K fyi x has a ride early tomorrow morning but he's crashing at our place tonight,not spam
"Wow. I never realized that you were so embarassed by your accomodations. I thought you liked it, since i was doing the best i could and you always seemed so happy about \the cave\"". I'm sorry I didn't and don't have more to give. I'm sorry i offered. I'm sorry your room was so embarassing.""",not spam
SMS. ac Sptv: The New Jersey Devils and the Detroit Red Wings play Ice Hockey. Correct or Incorrect? End? Reply END SPTV,spam
Do you know what Mallika Sherawat did yesterday? Find out now @  &lt;URL&gt;,not spam
"Congrats! 1 year special cinema pass for 2 is yours. call 09061209465 now! C Suprman V, Matrix3, StarWars3, etc all 4 FREE! bx420-ip4-5we. 150pm. Dont miss out! ",spam
"Sorry, I'll call later in meeting.",not spam
Tell where you reached,not spam
Yes..gauti and sehwag out of odi series.,not spam
Your gonna have to pick up a $1 burger for yourself on your way home. I can't even move. Pain is killing me.,not spam
Ha ha ha good joke. Girls are situation seekers.,not spam
Its a part of checking IQ,not spam
"Sorry my roommates took forever, it ok if I come by now?",not spam
Ok lar i double check wif da hair dresser already he said wun cut v short. He said will cut until i look nice.,not spam
"As a valued customer, I am pleased to advise you that following recent review of your Mob No. you are awarded with a �1500 Bonus Prize, call 09066364589",spam
"Today is \song dedicated day..\"" Which song will u dedicate for me? Send this to all ur valuable frnds but first rply me...""",not spam
"Urgent UR awarded a complimentary trip to EuroDisinc Trav, Aco&Entry41 Or �1000. To claim txt DIS to 87121 18+6*�1.50(moreFrmMob. ShrAcomOrSglSuplt)10, LS1 3AJ",spam
"Did you hear about the new \Divorce Barbie\""? It comes with all of Ken's stuff!""",spam
I plane to give on this month end.,not spam
Wah lucky man... Then can save money... Hee...,not spam
Finished class where are you.,not spam
HI BABE IM AT HOME NOW WANNA DO SOMETHING? XX,not spam
K..k:)where are you?how did you performed?,not spam
U can call me now...,not spam
I am waiting machan. Call me once you free.,not spam
Thats cool. i am a gentleman and will treat you with dignity and respect.,not spam
I like you peoples very much:) but am very shy pa.,not spam
Does not operate after  &lt;#&gt;  or what,not spam
Its not the same here. Still looking for a job. How much do Ta's earn there.,not spam
"Sorry, I'll call later",not spam
K. Did you call me just now ah? ,not spam
Ok i am on the way to home hi hi,not spam
You will be in the place of that man,not spam
Yup next stop.,not spam
"I call you later, don't have network. If urgnt, sms me.",not spam
For real when u getting on yo? I only need 2 more tickets and one more jacket and I'm done. I already used all my multis.,not spam
Yes I started to send requests to make it but pain came back so I'm back in bed. Double coins at the factory too. I gotta cash in all my nitros.,not spam
I'm really not up to it still tonight babe,not spam
"Ela kano.,il download, come wen ur free..",not spam
Yeah do! Don���t stand to close tho- you���ll catch something!,not spam
Sorry to be a pain. Is it ok if we meet another night? I spent late afternoon in casualty and that means i haven't done any of y stuff42moro and that includes all my time sheets and that. Sorry. ,not spam
Smile in Pleasure Smile in Pain Smile when trouble pours like Rain Smile when sum1 Hurts U Smile becoz SOMEONE still Loves to see u Smiling!!,not spam
Please call our customer service representative on 0800 169 6031 between 10am-9pm as you have WON a guaranteed �1000 cash or �5000 prize!,spam
Havent planning to buy later. I check already lido only got 530 show in e afternoon. U finish work already?,not spam
"Your free ringtone is waiting to be collected. Simply text the password \MIX\"" to 85069 to verify. Get Usher and Britney. FML",spam
Watching telugu movie..wat abt u?,not spam
i see. When we finish we have loads of loans to pay,not spam
"Hi. Wk been ok - on hols now! Yes on for a bit of a run. Forgot that i have hairdressers appointment at four so need to get home n shower beforehand. Does that cause prob for u?\", not spam
